[
  {"name":"Algeria","price": "USD 250.00"},
  {"name":"Argentina","price": "ARS 25,000.00"},
  {"name":"Armenia","price": "USD 300.00"},
  {"name":"Australia","price": "AUD 600.00"},
  {"name":"Austria","price": "EUR 400.00"},
  {"name":"Azerbaijan","price": "USD 300.00"},
  {"name":"Bahrain","price": "USD 300.00"},
  {"name":"Belarus","price": "USD 300.00"},
  {"name":"Belgium","price": "EUR 400.00"},
  {"name":"Bolivia","price": "USD 350.00"},
  {"name":"Bosnia and Herzegovina","price": "EUR 350.00"},
  {"name":"Brazil","price": "BRL 1,200.00"},
  {"name":"Bulgaria","price": "BRL 700.00"},
  {"name":"Canada","price": "CAD 600.00"},
  {"name":"Chile","price": "USD 350.00"},
  {"name":"China","price": "CNY 3,000.00"},
  {"name":"Colombia","price": "USD 350.00"},
  {"name":"Costa Rica","price": "USD 350.00"},
  {"name":"Croatia","price": "HRK 2,500.00"},
  {"name":"Cyprus","price": "EUR 350.00"},
  {"name":"Czech Republic","price": "CZK 8,500.00"},
  {"name":"Denmark","price": "DKK 3,000.00"},
  {"name":"Dominican Republic","price": "USD 350.00"},
  {"name":"Ecuador","price": "USD 350.00"},
  {"name":"Egypt","price": "EGP 3,000.00"},
  {"name":"El Salvador","price": "USD 350.00"},
  {"name":"Estonia","price": "EUR 350.00"},
  {"name":"Finland","price": "EUR 400.00"},
  {"name":"France","price": "EUR 400.00"},
  {"name":"Germany","price": "EUR 400.00"},
  {"name":"Greece","price": "EUR 350.00"},
  {"name":"Guatemala","price": "USD 350.00"},
  {"name":"Honduras","price": "USD 350.00"},
  {"name":"Hong Kong","price": "HKD 3,000.00"},
  {"name":"Hungary","price": "HUF 120,000.00"},
  {"name":"Iceland","price": "USD 400.00"},
  {"name":"India","price": "INR 20,000.00"},
  {"name":"Indonesia","price": "IDR 3,000,000.00"},
  {"name":"Ireland","price": "EUR 400.00"},
  {"name":"Israel","price": "ILS 1,500.00"},
  {"name":"Italy","price": "EUR 400.00"},
  {"name":"Japan","price": "JPY 60,000"},
  {"name":"Jordan","price": "USD 250.00"},
  {"name":"Kazakhstan","price": "USD 300.00"},
  {"name":"Kenya","price": "USD 300.00"},
  {"name":"Kuwait","price": "USD 300.00"},
  {"name":"Latvia","price": "EUR 350.00"},
  {"name":"Lebanon","price": "USD 250.00"},
  {"name":"Libya","price": "USD 250.00"},
  {"name":"Lithuania","price": "EUR 350.00"},
  {"name":"Luxembourg","price": "EUR 400.00"},
  {"name":"Malaysia","price": "MYR 1,500.00"},
  {"name":"Malta","price": "EUR 350.00"},
  {"name":"Mexico","price": "MXN 7,000.00"},
  {"name":"Montenegro","price": "EUR 350.00"},
  {"name":"Morocco","price": "USD 250.00"},
  {"name":"Netherlands","price": "EUR 400.00"},
  {"name":"New Zealand","price": "NZD 600.00"},
  {"name":"Nicaragua","price": "USD 350.00"},
  {"name":"Nigeria","price": "USD 300.00"},
  {"name":"North Macedonia","price": "USD 300.00"},
  {"name":"Norway","price": "NOK 4,000.00"},
  {"name":"Oman","price": "USD 250.00"},
  {"name":"Pakistan","price": "USD 400.00"},
  {"name":"Palestine","price": "USD 250.00"},
  {"name":"Panama","price": "USD 350.00"},
  {"name":"Paraguay","price": "USD 350.00"},
  {"name":"Peru","price": "USD 350.00"},
  {"name":"Philippines","price": "PHP 20,000.00"},
  {"name":"Poland","price": "PLN 1,200.00"},
  {"name":"Portugal","price": "EUR 400.00"},
  {"name":"Puerto Rico","price": "USD 350.00"},
  {"name":"Qatar","price": "USD 300.00"},
  {"name":"Romania","price": "RON 1,500.00"},
  {"name":"Russia","price": "RUB 30,000.00"},
  {"name":"Saudi Arabia","price": "SAR 1,300.00"},
  {"name":"Serbia","price": "EUR 350.00"},
  {"name":"Singapore","price": "SGD 600.00"},
  {"name":"Slovakia","price": "EUR 350.00"},
  {"name":"Slovenia","price": "EUR 350.00"},
  {"name":"South Africa","price": "ZAR 6,000.00"},
  {"name":"South Korea","price": "KRW 600,000"},
  {"name":"Spain","price": "EUR 400.00"},
  {"name":"Sri Lanka","price": "USD 400.00"},
  {"name":"Sweden","price": "SEK 4,000.00"},
  {"name":"Switzerland","price": "CHF 400.00"},
  {"name":"Taiwan","price": "TWD 12,000.00"},
  {"name":"Thailand","price": "THB 12,000.00"},
  {"name":"Tunisia","price": "USD 250.00"},
  {"name":"Turkey","price": "TRY 2,500.00"},
  {"name":"Ukraine","price": "UAH 10,000.00"},
  {"name":"United Arab Emirates","price": "AED 1,600.00"},
  {"name":"United Kingdom","price": "GBP 400.00"},
  {"name":"United States","price": "USD 500.00"},
  {"name":"Uruguay","price": "USD 350.00"},
  {"name":"Venezuela","price": "USD 350.00"},
  {"name":"Vietnam","price": "VND 5,600,000"}
]